{
     "data": {
          "userID": "local-test-izualizer",
          "source": "local-editor",
          "plans": [
               [
                    {
                         "corners": [
                              [
                                   14.700000000000001,
                                   35.1
                              ],
                              [
                                   14.700000000000001,
                                   41.400000000000006
                              ],
                              [
                                   22.8,
                                   41.400000000000006
                              ],
                              [
                                   22.8,
                                   35.1
                              ],
                              [
                                   14.700000000000001,
                                   35.1
                              ]
                         ],
                         "x": 14.700000000000001,
                         "y": 35.1,
                         "width": 8.1,
                         "height": 6.300000000000001,
                         "id": 0,
                         "label": "room_0",
                         "type": "room"
                    },
                    {
                         "corners": [
                              [
                                   24.8,
                                   26.900000000000002
                              ],
                              [
                                   24.8,
                                   41.5
                              ],
                              [
                                   24.900000000000002,
                                   41.6
                              ],
                              [
                                   39.5,
                                   41.6
                              ],
                              [
                                   39.5,
                                   35.0
                              ],
                              [
                                   39.400000000000006,
                                   34.9
                              ],
                              [
                                   39.400000000000006,
                                   28.1
                              ],
                              [
                                   39.5,
                                   28.0
                              ],
                              [
                                   39.5,
                                   26.900000000000002
                              ],
                              [
                                   24.8,
                                   26.900000000000002
                              ]
                         ],
                         "x": 24.8,
                         "y": 26.900000000000002,
                         "width": 14.700000000000001,
                         "height": 14.700000000000001,
                         "id": 1,
                         "label": "room_1",
                         "type": "room"
                    },
                    {
                         "corners": [
                              [
                                   14.700000000000001,
                                   26.900000000000002
                              ],
                              [
                                   14.700000000000001,
                                   33.0
                              ],
                              [
                                   22.8,
                                   33.0
                              ],
                              [
                                   22.8,
                                   26.900000000000002
                              ],
                              [
                                   14.700000000000001,
                                   26.900000000000002
                              ]
                         ],
                         "x": 14.700000000000001,
                         "y": 26.900000000000002,
                         "width": 8.1,
                         "height": 6.1000000000000005,
                         "id": 2,
                         "label": "room_2",
                         "type": "room"
                    },
                    {
                         "corners": [
                              [
                                   41.400000000000006,
                                   26.900000000000002
                              ],
                              [
                                   41.400000000000006,
                                   41.5
                              ],
                              [
                                   41.6,
                                   41.6
                              ],
                              [
                                   60.7,
                                   41.6
                              ],
                              [
                                   60.800000000000004,
                                   41.5
                              ],
                              [
                                   60.800000000000004,
                                   26.900000000000002
                              ],
                              [
                                   60.7,
                                   26.700000000000003
                              ],
                              [
                                   46.5,
                                   26.700000000000003
                              ],
                              [
                                   46.400000000000006,
                                   26.8
                              ],
                              [
                                   41.6,
                                   26.8
                              ],
                              [
                                   41.400000000000006,
                                   26.900000000000002
                              ]
                         ],
                         "x": 41.400000000000006,
                         "y": 26.700000000000003,
                         "width": 19.400000000000002,
                         "height": 14.9,
                         "id": 3,
                         "label": "room_3",
                         "type": "room"
                    },
                    {
                         "corners": [
                              [
                                   1.5,
                                   23.400000000000002
                              ],
                              [
                                   1.5,
                                   41.5
                              ],
                              [
                                   10.9,
                                   41.5
                              ],
                              [
                                   10.9,
                                   33.2
                              ],
                              [
                                   11.0,
                                   33.1
                              ],
                              [
                                   12.600000000000001,
                                   33.1
                              ],
                              [
                                   12.600000000000001,
                                   23.400000000000002
                              ],
                              [
                                   1.5,
                                   23.400000000000002
                              ]
                         ],
                         "x": 1.5,
                         "y": 23.400000000000002,
                         "width": 11.100000000000001,
                         "height": 18.1,
                         "id": 4,
                         "label": "room_4",
                         "type": "room"
                    },
                    {
                         "corners": [
                              [
                                   1.5,
                                   6.2
                              ],
                              [
                                   1.5,
                                   21.3
                              ],
                              [
                                   1.7000000000000002,
                                   21.400000000000002
                              ],
                              [
                                   22.900000000000002,
                                   21.400000000000002
                              ],
                              [
                                   22.900000000000002,
                                   6.2
                              ],
                              [
                                   22.8,
                                   6.0
                              ],
                              [
                                   1.7000000000000002,
                                   6.0
                              ],
                              [
                                   1.5,
                                   6.2
                              ]
                         ],
                         "x": 1.5,
                         "y": 6.0,
                         "width": 21.400000000000002,
                         "height": 15.4,
                         "id": 5,
                         "label": "room_5",
                         "type": "room"
                    },
                    {
                         "corners": [
                              [
                                   24.700000000000003,
                                   6.2
                              ],
                              [
                                   24.700000000000003,
                                   24.8
                              ],
                              [
                                   60.800000000000004,
                                   24.8
                              ],
                              [
                                   60.7,
                                   2.9000000000000004
                              ],
                              [
                                   41.6,
                                   2.9000000000000004
                              ],
                              [
                                   41.400000000000006,
                                   6.1000000000000005
                              ],
                              [
                                   24.900000000000002,
                                   6.0
                              ],
                              [
                                   24.700000000000003,
                                   6.2
                              ]
                         ],
                         "x": 24.700000000000003,
                         "y": 2.9000000000000004,
                         "width": 36.1,
                         "height": 21.900000000000002,
                         "id": 6,
                         "label": "room_6",
                         "type": "room"
                    }
               ]
          ],
          "options": {
               "save_image": true,
               "add_closet": true,
               "add_deck": true,
               "add_walkin": true
          }
     }
}