{
    "data": {
         "userID": "local-test-izualizer",
         "source": "local-editor",
         "plans": [
              [
                   {
                        "corners": [
                             [
                                  23.700000000000003,
                                  34.2
                             ],
                             [
                                  13.8,
                                  34.2
                             ],
                             [
                                  13.8,
                                  42.300000000000004
                             ],
                             [
                                  23.700000000000003,
                                  42.300000000000004
                             ],
                             [
                                  23.700000000000003,
                                  34.2
                             ]
                        ],
                        "x": 13.8,
                        "y": 34.2,
                        "width": 9.9,
                        "height": 8.1,
                        "id": 0,
                        "label": "room_0",
                        "type": "room"
                   },
                   {
                        "corners": [
                             [
                                  40.400000000000006,
                                  28.372792206135784
                             ],
                             [
                                  40.400000000000006,
                                  26.0
                             ],
                             [
                                  23.900000000000002,
                                  26.0
                             ],
                             [
                                  23.900000000000002,
                                  41.872792206135784
                             ],
                             [
                                  24.527207793864218,
                                  42.5
                             ],
                             [
                                  40.400000000000006,
                                  42.5
                             ],
                             [
                                  40.400000000000006,
                                  34.627207793864216
                             ],
                             [
                                  40.300000000000004,
                                  34.527207793864214
                             ],
                             [
                                  40.300000000000004,
                                  28.472792206135786
                             ],
                             [
                                  40.400000000000006,
                                  28.372792206135784
                             ]
                        ],
                        "x": 23.900000000000002,
                        "y": 26.0,
                        "width": 16.5,
                        "height": 16.5,
                        "id": 1,
                        "label": "room_1",
                        "type": "room"
                   },
                   {
                        "corners": [
                             [
                                  23.700000000000003,
                                  26.0
                             ],
                             [
                                  13.8,
                                  26.0
                             ],
                             [
                                  13.8,
                                  33.9
                             ],
                             [
                                  23.700000000000003,
                                  33.9
                             ],
                             [
                                  23.700000000000003,
                                  26.0
                             ]
                        ],
                        "x": 13.8,
                        "y": 26.0,
                        "width": 9.9,
                        "height": 7.9,
                        "id": 2,
                        "label": "room_2",
                        "type": "room"
                   },
                   {
                        "corners": [
                             [
                                  46.127207793864216,
                                  25.8
                             ],
                             [
                                  46.02720779386422,
                                  25.900000000000002
                             ],
                             [
                                  41.3875388202502,
                                  25.900000000000002
                             ],
                             [
                                  40.5,
                                  26.343769410125095
                             ],
                             [
                                  40.5,
                                  42.05623058987491
                             ],
                             [
                                  41.3875388202502,
                                  42.5
                             ],
                             [
                                  61.0727922061358,
                                  42.5
                             ],
                             [
                                  61.7,
                                  41.87279220613579
                             ],
                             [
                                  61.7,
                                  26.687538820250197
                             ],
                             [
                                  61.25623058987491,
                                  25.8
                             ],
                             [
                                  46.127207793864216,
                                  25.8
                             ]
                        ],
                        "x": 40.5,
                        "y": 25.8,
                        "width": 21.200000000000003,
                        "height": 16.7,
                        "id": 3,
                        "label": "room_3",
                        "type": "room"
                   },
                   {
                        "corners": [
                             [
                                  0.6000000000000001,
                                  42.400000000000006
                             ],
                             [
                                  11.8,
                                  42.400000000000006
                             ],
                             [
                                  11.8,
                                  34.0
                             ],
                             [
                                  13.5,
                                  34.0
                             ],
                             [
                                  13.5,
                                  22.5
                             ],
                             [
                                  0.6000000000000001,
                                  22.5
                             ],
                             [
                                  0.6000000000000001,
                                  42.400000000000006
                             ]
                        ],
                        "x": 0.6000000000000001,
                        "y": 22.5,
                        "width": 12.9,
                        "height": 19.900000000000002,
                        "id": 4,
                        "label": "room_4",
                        "type": "room"
                   },
                   {
                        "corners": [
                             [
                                  0.6000000000000001,
                                  5.827207793864215
                             ],
                             [
                                  0.6000000000000001,
                                  21.856230589874908
                             ],
                             [
                                  1.4875388202501874,
                                  22.3
                             ],
                             [
                                  23.8,
                                  22.3
                             ],
                             [
                                  23.8,
                                  5.987538820250188
                             ],
                             [
                                  23.356230589874908,
                                  5.1000000000000005
                             ],
                             [
                                  1.3272077938642144,
                                  5.1000000000000005
                             ],
                             [
                                  0.6000000000000001,
                                  5.827207793864215
                             ]
                        ],
                        "x": 0.6000000000000001,
                        "y": 5.1000000000000005,
                        "width": 23.200000000000003,
                        "height": 17.2,
                        "id": 5,
                        "label": "room_5",
                        "type": "room"
                   },
                   {
                        "corners": [
                             [
                                  23.8,
                                  5.827207793864215
                             ],
                             [
                                  23.8,
                                  5.987538820250188
                             ],
                             [
                                  23.8,
                                  22.3
                             ],
                             [
                                  23.8,
                                  25.700000000000003
                             ],
                             [
                                  61.70411897161557,
                                  25.700000000000003
                             ],
                             [
                                  61.59589979353338,
                                  2.0
                             ],
                             [
                                  40.75449390076918,
                                  2.0
                             ],
                             [
                                  40.55481507962071,
                                  5.1948611383753756
                             ],
                             [
                                  24.529469959248672,
                                  5.097737834615544
                             ],
                             [
                                  23.8,
                                  5.827207793864215
                             ]
                        ],
                        "x": 23.8,
                        "y": 2.0,
                        "width": 37.904118971615574,
                        "height": 23.700000000000003,
                        "id": 6,
                        "label": "room_6",
                        "type": "room"
                   }
              ]
         ],
         "options": {
              "save_image": true,
              "add_closet": true,
              "add_deck": true,
              "add_walkin": true
         }
    }
}